ean,referenceCode,fulfilmentDeliveryCode,bundlePricesPrice
2605276665489,B0BZ5BKQXK,4-8d,106.95
2357299213412,B08BLMQYX3,4-8d,60.95
2289455219986,B0CKYSNF9M,3-5d,32.95
2021984977551,B07JMTPT5K,3-5d,32.95
2216412014537,B0DQ4WBBLF,3-5d,32.95
2576589769891,B0GJZMWP9H,3-5d,32.95
2311106369310,B0DTP9F81F,3-5d,32.95
2873184065121,B09G6TJB7R,3-5d,41.95
2879272182053,B08BZF7W26,3-5d,98.95
2206743329851,B082R5W3Q2,3-5d,38.95
2645930974335,B0D9XFDMNF,4-8d,59.95
2334921732022,B08RNZ2DYB,3-5d,38.95
2860368426625,B0C6K155WC,3-5d,41.95
2843514685947,B0BXT8T7QD,3-5d,42.95
2206362890985,B08Y6CNQ5L,3-5d,38.95
2553972886229,B08G55ZZ4X,3-5d,32.95
2402241089055,B0F7X6J8C9,3-5d,32.95
2279587354365,B0CNT3Q3PJ,3-5d,41.95
2556727502672,B0DD9Z8BRB,3-5d,32.95
2759124664459,B0BDFWBBXX,3-5d,38.95
2302581258152,B08PC2Y5L8,3-5d,42.95
2187024921349,B08JH9RFYY,3-5d,32.95
2182470197539,B09L86RC9B,3-5d,39.95
2056590373572,B08JM4KG3Z,3-5d,41.95
2632060803635,B08NJSS6GT,3-5d,32.95
2332547997122,B07CL2XPWN,3-5d,32.95
2913848144295,B0DL9SMLMZ,3-5d,197.95
2774531827587,B08RJWJG8J,3-5d,32.95
2198343974015,B09Y98QGX7,3-5d,32.95
2836399734466,B0DD5FVND8,3-5d,46.95
2297878274024,B08N4W6LNS,3-5d,43.95
2550869825354,B08WLDKT9D,3-5d,32.95
2193102124366,B09TH1YHMD,3-5d,32.95
2656961008111,B0DGGN2KF8,3-5d,32.95
2308602770719,B08NB2NH9B,3-5d,32.95
2022265044658,B0DD54G292,3-5d,32.95
2932372965329,B08M3SZ3K6,3-5d,44.95
2028808979258,B0925S6FQD,3-5d,32.95
2013211804105,B09PFTT9ZG,3-5d,32.95
2023382174075,B08C5DKFZ5,3-5d,32.95
2159336962358,B07PQGN2LP,3-5d,44.95
2223164902524,B0CHFNL8G6,3-5d,32.95
2875431559223,B0F6V32CBR,3-5d,32.95
2218354039753,B0CCYCJRJ4,4-8d,32.95
2761132475682,B0812VWQCV,3-5d,32.95
2739100549055,B00843K8D4,3-5d,32.95
2319233053621,B0D5QPJT8Q,4-8d,32.95
2530536573009,B084ZNDHF9,4-8d,106.95
2317030583785,B092ZP1JWJ,4-8d,43.95
2124662817207,B09NW7LBTC,3-5d,32.95
2444152867421,B0CJPB71MY,3-5d,90.95
2590527152118,B0CLC236P9,3-5d,32.95
2220382527669,B0DKNP8GCF,3-5d,32.95
2929434085682,B0D8PH3X13,3-5d,32.95
2430483409638,B08RBRP2TN,3-5d,41.95
2783864763493,B09PB9TRDV,3-5d,32.95
2146799995436,B08CKZ9YM3,3-5d,57.95
2620152537124,B08W21H8RP,3-5d,32.95
2777337478205,B0D45JHGTT,3-5d,32.95
2224212552562,B08M3VRF1W,3-5d,52.95
2128060874732,B095YHSVG5,3-5d,32.95
2076252793463,B08QSC8Y5F,3-5d,32.95
2823001747785,B09PKMSQVG,3-5d,32.95
2365842406495,B0B6BPVGHV,3-5d,32.95
2342706269847,B07GWLZ2B7,3-5d,43.95
2499290340855,B0CZ78LKXS,3-5d,32.95
2980978957217,B0CR6MF45S,3-5d,41.95
2070374812606,B07BS8334N,3-5d,32.95
2509291714538,B0DS95FX51,3-5d,63.95
2677962569760,B0CKWM4JM8,3-5d,53.95
2811529012324,B07HD1MGSS,3-5d,46.95
2573427177474,B087X12P2G,3-5d,32.95
2597649657170,B07XP5XFRZ,3-5d,32.95
2807703567360,B07PPFJ8YW,4-8d,63.95
2993498922627,B0BJ2QGTWS,3-5d,32.95
2742949254134,B0BVBG4W7F,3-5d,83.95
2579328803078,B0BY756K8X,3-5d,32.95
2594120569052,B0BF9JQ3NH,3-5d,32.95
2340267792446,B0D9Q65XNJ,3-5d,32.95
2214069290014,B0D922JZDM,3-5d,44.95
2918264040442,B09TV47SV3,3-5d,70.95
2324172311404,B0DH5M36NV,3-5d,118.95
2736949092834,B0DF241Y3D,3-5d,32.95
2723833758440,B09JK7LRJC,3-5d,51.95
2031697094513,B09PBRD7LF,3-5d,51.95
2089632692478,B07H7L3JW3,3-5d,32.95
2067188062259,B07QMSB6Z5,3-5d,32.95
2572355308868,B0DJY77GYR,3-5d,32.95
2349761058843,B09GFKPWSW,4-8d,32.95
2346877848047,B0CB85S7ZG,3-5d,32.95
2760289856733,B08GSFQHCL,3-5d,48.95
2747449944691,B085H9VD7Y,3-5d,32.95
2047962032425,B0BB8BFC42,3-5d,32.95
2501540582530,B0D8LG6131,3-5d,32.95
2972040557975,B0FKN7MX15,3-5d,32.95
2417268260448,B07TF8XNQR,3-5d,32.95
2610539443971,B08QW4K4H9,3-5d,51.95
2326093569698,B0919L1WSK,3-5d,32.95
2395238670773,B08H1QT864,3-5d,70.95
2581415152396,B07SYHMT7V,3-5d,32.95
2879323081335,B0D3VH2WCK,3-5d,40.95
2159413857065,B09HHDRKNH,3-5d,32.95
2492985998720,B09BYZFV5V,3-5d,32.95
2417243852071,B07TK34FMG,3-5d,32.95
2327035524294,B09B11VJ43,3-5d,49.95
2329698301687,B08L3V6DCJ,3-5d,32.95
2852508685313,B097HDMVDX,3-5d,39.95
2994216983272,B07SN2QZDL,3-5d,32.95
2282768628377,B0D2D31QJ5,3-5d,51.95
2430366755913,B093Q2RX8P,3-5d,32.95
2395029614078,B098QD1Z5K,3-5d,32.95
2371413709049,B09FPTF8KS,3-5d,32.95
2553523137633,B09GW5684X,3-5d,51.95
2636389527883,B07W7THCZQ,3-5d,32.95
2727254973499,B0CPYGLF6G,3-5d,41.95
2150433329099,B097R3TJZP,3-5d,44.95
2720564380537,B0CC4VT7C9,3-5d,38.95
2725851499602,B0BMQNXJNT,3-5d,32.95
2535894228523,B0CTMKSNS1,3-5d,32.95
2971327993000,B0BG4Y51LX,3-5d,32.95
2579198323041,B0D5DBT84Y,3-5d,44.95
2326073996810,B0C4JXZCXF,3-5d,39.95
2293843418707,B07SNB8GXG,3-5d,32.95
2559192460324,B0CRYTMPQY,3-5d,32.95
2272001582672,B0BKGYH466,3-5d,32.95
2267776559882,B07QQZ64HC,3-5d,44.95
2674755322571,B097949G43,3-5d,63.95
2115113946195,B07P8VX2RL,3-5d,32.95
2474716089655,B0D5SB45BY,3-5d,50.95
2965223609301,B0D3GZPG9M,3-5d,32.95
2071556914200,B0D6GCRDQ4,3-5d,32.95
2616273166695,B0CQXXY53F,3-5d,32.95
2599665350448,B08GX15241,3-5d,32.95
2682847508307,B07X3HW48R,3-5d,49.95
2869159049586,B09X3B9CKQ,3-5d,32.95
2364975975878,B0BKLH96MJ,3-5d,32.95
2498460019058,B0BNH1NCFK,3-5d,42.95
2504036387404,B0D9B4NJT4,3-5d,320.95
2802214830675,B0D7Q863CG,3-5d,32.95
2924137295468,B0D9P155YT,3-5d,32.95
2763449169216,B073ZC18VZ,3-5d,32.95
2971780840408,B082FDFJF2,3-5d,44.95
2610084422513,B096KVX9K7,3-5d,44.95
2704972234439,B0C6L65N1H,3-5d,32.95
2192425943128,B0BX393SBH,3-5d,76.95
2546486730430,B0DJLL1897,3-5d,32.95
2500689895068,B08HS999KG,3-5d,32.95
2964338000966,B0DNQD4PGV,3-5d,32.95
2239062790750,B09NSMPM9N,3-5d,32.95
2389550808426,B07VWQHLLJ,3-5d,32.95
2694984426369,B0C9C87BZ7,3-5d,58.95
2479583799126,B08R5WTH6V,3-5d,71.95
2162524929392,B0993BFL84,3-5d,32.95
2118507933306,B07Y2XLZ3B,3-5d,60.95
2732774408659,B08CZ47GX1,3-5d,32.95
2085316466410,B08PBSGZBK,3-5d,39.95
2185489701049,B08MTXF2RV,3-5d,44.95
2104115731342,B09JP8SZTQ,3-5d,53.95
2625935518185,B08MVZJ7X8,3-5d,58.95
2818970444193,B07SJ6DM3Q,3-5d,32.95
2892924829465,B077JWJYSK,3-5d,32.95
2921184890639,B0948X8K46,3-5d,32.95
2641785405550,B09P8KVL44,3-5d,32.95
2539348322102,B0FQLX6PWX,3-5d,32.95
2819050169173,B0DF7MJKBX,3-5d,32.95
2277238082902,B07F13WVYD,3-5d,51.95
2887534072516,B07HP647PP,3-5d,32.95
2398762595536,B0CXY4H2PN,3-5d,43.95
2099896837003,B0CHGSG42B,3-5d,41.95
2392705375575,B0D6BC3FLH,3-5d,32.95
2773929610435,B002ROGIT4,3-5d,69.95
2844899254797,B07NBNCCC2,3-5d,32.95
2115966928348,B071G52RRX,3-5d,41.95
2031901709448,B0F8QG528F,3-5d,32.95
2876266942716,B09Y1N9TJB,3-5d,214.95
2002595422449,B07GVGV2MR,3-5d,32.95
2682691511386,B0DWWW2824,3-5d,32.95
2820763425838,B07RXVTL9D,3-5d,38.95
2449468967445,B08LKZ17QB,3-5d,44.95
2232492209540,B08NVM9Z5M,3-5d,41.95
2457328282379,B07GRP1Y49,3-5d,38.95
2280892284865,B0B5CKD3BG,3-5d,46.95
2791762851143,B0CRDFGSL2,4-8d,32.95
2766307491931,B06XDNY3MN,3-5d,55.95
2855907326047,B0BFVL735W,3-5d,40.95
2489876211082,B0B2DMBRGC,3-5d,32.95
2696042341591,B0891XYJN6,3-5d,32.95
2936686992606,B07P249VRJ,3-5d,32.95
2471901432555,B07VC983T4,3-5d,50.95
2246946163272,B0DT5RNKBG,3-5d,39.95
2987113143900,B09SDG44KR,3-5d,46.95
2876423938828,B07TJ6GXM2,3-5d,38.95
2063803981639,B08RNHQXJN,3-5d,44.95
2511192112801,B0C7BLSCF1,3-5d,57.95
2457477278353,B0BWFTDZXW,3-5d,32.95
2160588177438,B0BCD9327J,3-5d,32.95
2904492636519,B07WZGGZL1,3-5d,32.95
2268796855718,B0DDBRMMTQ,3-5d,32.95
2423491116490,B098X6FBL1,3-5d,44.95
2029157811091,B0B73VQQTT,3-5d,46.95
2034669380164,B07PGNMGZD,3-5d,32.95
2473488054724,B09B6T1XQS,3-5d,32.95
2670932739699,B0DCBRZ9KW,3-5d,41.95
2825366803557,B07RQ6RPCY,3-5d,43.95
2982115915531,B091SSZVKG,3-5d,32.95
2683307467189,B08V1V8J12,3-5d,32.95
2971264597132,B07LF9L16L,3-5d,32.95
2031877260516,B09D3S2MDN,3-5d,59.95
2448734641218,B0D8VQL5XW,3-5d,66.95
2352156951391,B07FZ21VX8,3-5d,32.95
2874803417215,B0DZ6MZFWQ,3-5d,32.95
2102489231628,B0825XKC7F,3-5d,32.95
2596950201669,B0922GYH6M,3-5d,32.95
2772708157864,B0DKXFQ7W9,4-8d,44.95
2924069124027,B08N6HP559,3-5d,114.95
2142123815395,B08T44W7G6,3-5d,46.95
2350013009438,B07JQ1YD2D,3-5d,141.95
2583824598154,B0986QHJMV,3-5d,98.95
2848529910817,B09GMDLL2T,3-5d,32.95
2310880911937,B0D3K9HM1N,3-5d,68.95
2717152609903,B07X3V9PWB,3-5d,123.95
2005476657831,B0CFFTHYL7,3-5d,95.95
2379044754957,B0C23F768W,3-5d,32.95
2828871749631,B0CTMJLCD3,3-5d,63.95
2291788814622,B0BLTG7G6D,3-5d,76.95
2283407082475,B08NJMHMSZ,3-5d,32.95
2911083997041,B09ZNMRH1G,3-5d,983.95
2123712690234,B0C5DRMJK5,3-5d,63.95
2672933156536,B0BVBN56FY,3-5d,39.95
2300883158651,B097DQ686S,3-5d,32.95
2809934076154,B0DDBS516L,3-5d,32.95
2070873713183,B0982M49XR,3-5d,32.95
2491746291650,B08TTLQ6SM,3-5d,32.95
2995141033971,B0DB779C8D,3-5d,54.95
2520483466202,B07VTSKKK7,3-5d,43.95
2181876375954,B0FD38YWL3,3-5d,40.95
2744690671017,B0BR8VQD9Q,3-5d,39.95
2293572156550,B09GKRZ1T5,3-5d,42.95
2338343609474,B0DG32JKXM,3-5d,32.95
2461431057410,B08TCCKVLN,3-5d,32.95
2232819439087,B09PYCC5RB,3-5d,39.95
2519976127997,B07YCCY9HN,3-5d,32.95
2453754258681,B07TLNG4FT,3-5d,32.95
2186524823849,B0BQMVVS8B,3-5d,32.95
2171451762675,B08GM3KL9F,3-5d,32.95
2756461639157,B0BXH1KCCM,3-5d,32.95
2342469674797,B0BFHKNX4H,3-5d,32.95
2592681165768,B0DTP7425Q,3-5d,101.95
2263072998677,B07DWR4C23,3-5d,32.95
2551138200209,B09D8NT5T5,3-5d,32.95
2624262557973,B0BRJ3V1MQ,3-5d,41.95
2623388508814,B08FRBV53T,3-5d,32.95
2069327114294,B07LG6RNYQ,3-5d,32.95
2148920201430,B08KS5BQTH,3-5d,32.95
2294646118375,B08DR9Q5MS,3-5d,32.95
2697828561714,B07Z52N2CW,3-5d,50.95
2847196936861,B0CXSFSMBH,3-5d,32.95
2945950326252,B0BQWGG7LQ,3-5d,32.95
2584693232316,B0DXBGFGC9,3-5d,32.95
2275438366266,B0CG94N5J6,3-5d,49.95
2639000510011,B0BC1GT19W,3-5d,41.95
2326927844670,B08NK7QP7V,3-5d,32.95
2124074447870,B0BXGNG55W,3-5d,32.95
2885222459564,B0BJ6HP86G,3-5d,32.95
2199185362565,B0DQTZHP8R,3-5d,32.95
2722739338039,B0BGHJCZZ4,3-5d,50.95
2536720363371,B07L4LTKL4,3-5d,40.95
2287027761994,B0CZNNQSSS,3-5d,95.95
2219741561680,B0DSMKJM9X,3-5d,49.95
2679561048318,B0B2X1DHR9,3-5d,32.95
2683784636092,B08V563H4N,3-5d,55.95
2616303703548,B09FPBYGM6,3-5d,32.95
2034057361621,B07RX1T6P8,3-5d,46.95
2240299508971,B08R426Q5G,3-5d,58.95
2346086824214,B08NK8TQ9Z,3-5d,74.95
2979164297558,B0925WYY7J,3-5d,32.95
2282486778149,B0BQYD24DW,3-5d,32.95
2196280207166,B09BR3C65X,3-5d,54.95
2234655529458,B094XQD1DH,3-5d,32.95
2994241886685,B07HJ72CNH,3-5d,32.95
2376224996619,B08XQSNJXB,3-5d,32.95
2137497343773,B09PFV79L9,3-5d,32.95
2665960952813,B09B1MZVLJ,3-5d,55.95
2450242892839,B07T4NC733,3-5d,32.95
2000092898453,B0G55TRQJJ,3-5d,32.95
2742819472163,B07MKKWLSX,3-5d,32.95
2250840589748,B0DDKSZX9K,3-5d,32.95
2499286755052,B0D9QF71K8,3-5d,166.95
2631365143415,B0BKQFPD9R,3-5d,57.95
2989975373310,B0DGRZW5XS,3-5d,154.95
2735575799117,B0C7PHJBGR,3-5d,32.95
2426483537051,B07CJ2QJ7L,3-5d,57.95
2020887560372,B0B13ZQL2W,3-5d,32.95
2901229542075,B09NDJJ9Q9,3-5d,32.95
2186025786117,B0CNLVFYNQ,3-5d,32.95
2153151572266,B0BZ3LTKWT,3-5d,32.95
2559351243041,B07L8J6DJD,3-5d,89.95
2251893625513,B07RJL84QV,3-5d,115.95
2716324865437,B07P174M8P,3-5d,41.95
2890083174273,B0FXLSWM1N,3-5d,32.95
2464599961766,B0DWXFJ1Q1,3-5d,32.95
2269082953552,B0DB8C8K8H,3-5d,32.95
2006982332526,B08HYHDP15,3-5d,32.95
2700274036535,B09QS86BTQ,3-5d,39.95
2704830330693,B07GJTNJ8D,3-5d,95.95
2248573266555,B0BBFKXKZ8,3-5d,55.95
2601481773292,B0CW1DCG24,3-5d,57.95
2801164211862,B08BR7CQ9B,3-5d,49.95
2401228327593,B0B3XQDF1C,3-5d,40.95
2305785296463,B0D8THCQNG,3-5d,32.95
2843736405194,B0BQYJM4DK,3-5d,32.95
2536317401653,B07QR62TKT,3-5d,74.95
2293805154155,B0CTCW11YQ,3-5d,89.95
2762247321703,B088HH17MJ,3-5d,66.95
2174282757568,B01M8HHI25,3-5d,32.95
2875891600718,B0C2F52WMK,3-5d,32.95
2451537871072,B09ZXXH2MH,3-5d,42.95
2408450892677,B0897GXBVY,3-5d,32.95
2982549536937,B085XRHN19,3-5d,32.95
2440573656408,B0CL8RQHQF,3-5d,32.95
2820584927559,B09M9HJ64W,3-5d,82.95
2611653228864,B08D6DBJJY,3-5d,32.95
2157138180741,B0D423G45J,3-5d,32.95
2579708590321,B0BSGXG1KJ,3-5d,96.95
2814302041160,B07WVCQPTY,3-5d,64.95
2339683182207,B08C577T9D,3-5d,32.95
2222755880791,B0D633FLB7,3-5d,32.95
2610531451219,B07XFMCJC3,3-5d,32.95
2866299083340,B0CNR9Y59Z,3-5d,57.95
2566319187163,B0B6GL3WDQ,3-5d,32.95
2827184506726,B0D9K1LBHX,3-5d,61.95
2155930736555,B0D47HG23P,3-5d,165.95
2242271820057,B0C38LRJ1Q,3-5d,40.95
2501698098723,B07V72BYYL,3-5d,32.95
2742317403911,B07X9MH5YC,3-5d,198.95
2447649956790,B07JMJ76QL,3-5d,32.95
2819111690271,B09C5N42HR,3-5d,32.95
2038821472124,B0CGKQFMNT,3-5d,82.95
2869651493337,B07YYVRKHV,3-5d,32.95
2936123955997,B0BHTC77GC,3-5d,40.95
2428361915807,B09GB15YNK,3-5d,85.95
2792494360088,B081KY55JT,3-5d,32.95
2144863012300,B0B5QG94XQ,3-5d,40.95
2155980522634,B07RYM8CFQ,3-5d,66.95
2326740361903,B0C3Y447N2,3-5d,41.95
2062149894771,B09YY6RWPV,3-5d,32.95
2109687493469,B09PRB9NHR,3-5d,32.95
2660381516590,B0G49KFCT4,3-5d,32.95
2986420283996,B08X47ZQ4J,3-5d,38.95
2325971776272,B09DCNDGTM,3-5d,32.95
2726541082616,B0BLVQK7XD,3-5d,60.95
2553037884467,B088RJ7PSW,3-5d,58.95
2408708532539,B0CS79FSVM,3-5d,32.95
2159992541577,B0CPPYC8QC,3-5d,64.95
2229864038839,B07V3144D2,3-5d,51.95
2245891988398,B0C8611QSX,3-5d,32.95
2160659640618,B0C8H5RJ8N,3-5d,49.95
2079353704925,B0B3SB9KYV,3-5d,41.95
2200820213408,B0CJ6W6FHN,3-5d,32.95
2262837332800,B07Z3C9VYD,3-5d,32.95
2540045295330,B0CDYHGJ2G,3-5d,49.95
2398935807480,B0BY177QTL,3-5d,32.95
2365844189860,B08CKZYPKD,3-5d,32.95
2146124580115,B087QY9PY8,3-5d,32.95
2032663450210,B07NLF8BNV,3-5d,40.95
2401143056158,B08R24J3K7,3-5d,32.95
2861530602052,B0D1L9S4FK,3-5d,72.95
2566948767880,B0C2T6K6XR,3-5d,40.95
2781461833649,B0BGWRZYMD,3-5d,73.95
2076672802257,B0CZCY7BBX,3-5d,69.95
2461417464911,B0C8T5LFDQ,3-5d,64.95
2223492184005,B0C94C2QGQ,3-5d,32.95
2026749164689,B0C89KQR1R,3-5d,32.95
2736033166656,B0CR45V19B,3-5d,41.95
2135080872433,B0DBL681QZ,3-5d,58.95
2092555126548,B0F5MSVZF6,3-5d,32.95
2891739127797,B0C7Z9HFNT,3-5d,39.95
2740943652284,B09BFDQPST,3-5d,32.95
2527149652788,B0DC6TF7LP,3-5d,195.95
2103064542023,B07PN86RLL,3-5d,32.95
2996068088785,B0BT9Z694S,3-5d,111.95
2778611263210,B0BYJPXRRS,3-5d,39.95
2977047312152,B0D7LZJ3W6,3-5d,32.95
2986246243792,B098THSBTB,3-5d,32.95
2368233809981,B088BL9RPK,3-5d,32.95
2176343390165,B07Y19M7RB,3-5d,32.95
2398500105522,B0C1HL17XJ,3-5d,45.95
2196175359475,B0DRYNWR6F,3-5d,45.95
2191843330022,B0C6J9J1RN,3-5d,50.95
2410287448408,B0CLZFW4HT,3-5d,32.95
2789409695724,B0CPVW2PN8,3-5d,53.95
2963669246463,B09PMBWFMR,3-5d,64.95
2508566757461,B0871SKFRN,3-5d,32.95
2387438627411,B0C3TW166H,3-5d,32.95
2732043264795,B0FFLXPYBW,3-5d,32.95
2454566086929,B0BVG1MDX3,3-5d,32.95
2238891337334,B0D9NGPT6G,3-5d,32.95
2059209928712,B09MRV4M44,3-5d,32.95
2168750302060,B0B73QMVD8,3-5d,32.95
2463945243860,B0BSFB4TR8,3-5d,91.95
2129391022823,B08NWMW3HM,3-5d,40.95
2545388362749,B09BD54XX2,3-5d,90.95
2822197702684,B07WHHRFRK,3-5d,32.95
2046682947088,B091CZX7J7,3-5d,174.95
2897434717127,B07R3XYZC6,3-5d,32.95
2542767414310,B09NY396V3,3-5d,48.95
2147546099209,B0CZHK6HTG,3-5d,49.95
2392379791152,B07SHKL8SF,3-5d,32.95
2893055692300,B08GKBRQLJ,3-5d,32.95
2497332914606,B086HNJ2D7,3-5d,40.95
2275190132598,B0DTK8J4TQ,3-5d,32.95
2533743093650,B08WZ871MG,3-5d,41.95
2483482796087,B08T67G23C,3-5d,55.95
2403940542803,B0BNKL7PBQ,3-5d,32.95
2193570672109,B0DCBKQRBM,3-5d,95.95
2321618914809,B093T9JV6H,3-5d,32.95
2465016494171,B09DYV694F,3-5d,32.95
2733246512041,B0B2RDN196,3-5d,63.95
2293200137029,B093JM91XJ,3-5d,32.95
2570019000929,B099ZP6WZ4,3-5d,50.95
2585832204713,B0BZN2S1B2,3-5d,46.95
2440818084607,B08XNLVX9S,3-5d,44.95
2068341453181,B0928NB3LL,3-5d,32.95
2281710211667,B0917JK4VK,3-5d,32.95
2423253455317,B0C47JZD37,3-5d,32.95
2394562799204,B0BWNK8QQV,3-5d,32.95
2294829572116,B08L6N455L,3-5d,32.95
2831376326184,B0CF8Z5YWX,3-5d,61.95
2343799631979,B0D138ZHH4,3-5d,32.95
2705075269298,B08VHDN1VZ,3-5d,44.95
2890237247235,B0BPPJGCX3,3-5d,32.95
2799612380300,B07JYVLXQ7,3-5d,32.95
2241756681473,B08TM7JTFY,3-5d,45.95
2286869510401,B09NVVJVXF,3-5d,44.95
2839032336720,B08FDYFWDP,3-5d,125.95
2127872962361,B08PP5CC1S,3-5d,32.95
2388212401364,B0DFX8DWWM,3-5d,32.95
2062643766253,B09C8MYBRS,3-5d,32.95
2620398938129,B0C73V1472,3-5d,58.95
2409755987747,B07F7ZS9W8,3-5d,32.95
2400802753766,B0CFV1MS4L,3-5d,38.95
2576546328055,B0D14DY1RY,3-5d,32.95
2724237294749,B094Q3H3NT,3-5d,32.95
2211812098972,B0913C7HHC,3-5d,32.95
2361618235412,B08QYXF12P,3-5d,32.95
2184414885632,B07TKLG6GJ,3-5d,32.95
2984819073579,B0983TVCBL,3-5d,32.95
2879694726378,B0CMY1V1NC,3-5d,39.95
2126964241896,B08D7M88YT,3-5d,32.95
2338717671915,B08G8SC8Q7,3-5d,32.95
2521280536891,B07TMNK273,3-5d,32.95
2479854536733,B09JKF3TJF,3-5d,32.95
2088751985874,B07XB218WZ,3-5d,32.95
2502138914139,B0813RRXVT,3-5d,32.95
2712732647962,B098Q85VQY,3-5d,32.95
2005500671765,B0B4DDD91Q,3-5d,32.95
2090120532763,B08624F26R,3-5d,32.95
2301605605699,B07QTKTFXX,3-5d,63.95
2672001383536,B082SWPC8F,3-5d,32.95
2993081374451,B09QC5LSDP,3-5d,68.95
2385248592714,B0928FYF4D,3-5d,32.95
2982215932858,B0D147GW6J,3-5d,49.95
2544566717418,B09MQVHS5Z,3-5d,32.95
2863686012679,B09VS1P145,3-5d,38.95
2016626550773,B0B5QY2RCD,3-5d,32.95
2638349447019,B0BCQ1WD8Q,3-5d,32.95
2572161911276,B08L84PRWZ,3-5d,32.95
2559608565810,B0BY7MN56P,3-5d,32.95
2439863774427,B0CR1K66TN,3-5d,32.95
2600455872122,B0DQTWQF3N,3-5d,39.95
2396900607165,B0B3J3LMXR,3-5d,108.95
2762903015663,B0C6KGGC1W,3-5d,32.95
2625800742660,B0DGTTWB1C,3-5d,39.95
2242929488592,B08DD5M9YT,3-5d,39.95
2408866266697,B08HSHGQW7,3-5d,32.95
2870008783667,B0BWY2TCKR,3-5d,32.95
2277007570371,B07D2G15M7,3-5d,32.95
2384834593388,B07PHDMWYX,3-5d,32.95
2438658966184,B08P38PJBH,3-5d,44.95
2300583658215,B0BZ9KWWKN,3-5d,32.95
2882046573544,B0CV54YVQ4,3-5d,50.95
2496537893785,B0DSFL7ZLP,3-5d,32.95
2620920988387,B09R6QMNTC,3-5d,38.95
2330271962478,B0D6SPYZSX,3-5d,32.95
2029446416426,B0BX5RD2D5,3-5d,32.95
2856474979018,B0BMQ4RZ9C,3-5d,32.95
2404144206133,B0BKW51N63,3-5d,32.95
2706441917010,B0C64V9RVY,3-5d,32.95
2290608074352,B07TS389WX,3-5d,87.95
2016731793591,B0BPPJB1KC,3-5d,32.95
2237161159294,B0DB1DBTRV,3-5d,32.95
2786926853965,B09DYWYBHW,3-5d,32.95
2380376789180,B0BW2XW867,3-5d,32.95
2075118705909,B08CRWH4DY,3-5d,32.95
2973525654554,B0D63VSYV8,3-5d,41.95
2882997074572,B0BS1CFFLK,3-5d,32.95
2027621439765,B0BXPDQYPY,3-5d,32.95
2312916099848,B09J4XWZMV,3-5d,32.95
2744267394509,B08FJ8VF76,3-5d,105.95
2277786731031,B0BX436YG5,3-5d,32.95
2949531408832,B087JPSFZ8,3-5d,32.95
2024072904781,B0D9WNVVJ7,3-5d,97.95
2474749495485,B07X6GTKY4,3-5d,32.95
2715865930772,B0BWS55YDS,3-5d,55.95
2020675477516,B086YMKCH4,3-5d,48.95
2968720369389,B0BG5B36R1,3-5d,32.95
2694031325836,B0D2W5BPLL,3-5d,111.95
2812585392825,B0C6MKJXVH,3-5d,32.95
2944938337464,B0BY2ZQX2Y,3-5d,32.95
2349933258361,B0BZ3Z5JYV,3-5d,32.95
2029883438326,B08R12QX2N,3-5d,32.95
2509030539781,B0C2R6Y9GX,3-5d,50.95
2026068899460,B097DQP9ZK,3-5d,54.95
